"Date","Price","Open","High","Low","Vol.","Change %"
"07/16/2026","0.208","0.213","0.213","0.207","9.33M","-2.80%"
"07/15/2026","0.214","0.218","0.218","0.213","14.04M","-1.38%"
"07/14/2026","0.217","0.218","0.223","0.215","20.89M","-0.46%"
"07/13/2026","0.218","0.222","0.222","0.215","13.20M","-1.80%"
"07/12/2026","0.222","0.224","0.225","0.220","12.97M","-0.89%"
"07/09/2026","0.224","0.224","0.225","0.222","10.88M","0.00%"
"07/08/2026","0.224","0.222","0.224","0.221","9.76M","0.90%"
"07/07/2026","0.222","0.223","0.223","0.221","18.62M","-0.45%"
"07/06/2026","0.223","0.220","0.223","0.218","30.76M","1.36%"
"07/05/2026","0.220","0.221","0.221","0.218","12.59M","-0.45%"
"07/02/2026","0.221","0.221","0.222","0.219","22.18M","-0.45%"
"07/01/2026","0.222","0.224","0.225","0.221","29.74M","0.00%"
"06/30/2026","0.222","0.220","0.223","0.220","25.46M","0.91%"
"06/29/2026","0.220","0.219","0.221","0.218","30.89M","1.38%"
"06/28/2026","0.217","0.213","0.218","0.213","27.11M","1.88%"
"06/25/2026","0.213","0.213","0.215","0.212","21.18M","0.47%"
"06/24/2026","0.212","0.208","0.214","0.207","30.10M","1.44%"
"06/23/2026","0.209","0.214","0.214","0.208","9.67M","-1.88%"
"06/22/2026","0.213","0.219","0.220","0.212","19.78M","-2.74%"
"06/21/2026","0.219","0.223","0.223","0.217","18.15M","-1.35%"
"06/17/2026","0.222","0.227","0.227","0.219","11.64M","-1.77%"
"06/16/2026","0.226","0.228","0.229","0.220","21.50M","-0.44%"
"06/15/2026","0.227","0.228","0.229","0.224","19.19M","0.00%"
"06/14/2026","0.227","0.230","0.232","0.221","198.35M","-1.30%"
"06/11/2026","0.230","0.231","0.231","0.227","18.55M","0.00%"
"06/10/2026","0.230","0.229","0.231","0.228","10.12M","0.44%"
"06/09/2026","0.229","0.230","0.230","0.227","14.43M","0.00%"
"06/08/2026","0.229","0.224","0.232","0.217","23.94M","2.23%"
"06/07/2026","0.224","0.228","0.228","0.222","10.20M","-1.75%"
"06/04/2026","0.228","0.234","0.236","0.228","8.47M","-2.98%"
"06/03/2026","0.235","0.238","0.240","0.232","17.30M","-1.67%"
"06/02/2026","0.239","0.241","0.243","0.238","19.25M","-0.42%"
"06/01/2026","0.240","0.238","0.240","0.237","14.79M","0.84%"
"05/31/2026","0.238","0.239","0.244","0.237","27.70M","-0.83%"
"05/25/2026","0.240","0.236","0.240","0.233","21.11M","1.69%"
"05/24/2026","0.236","0.228","0.237","0.228","30.83M","3.51%"
"05/21/2026","0.228","0.220","0.230","0.220","32.20M","7.55%"
"05/20/2026","0.212","0.223","0.223","0.203","16.47M","-5.36%"
"05/19/2026","0.224","0.234","0.237","0.224","15.32M","-4.27%"
"05/18/2026","0.234","0.250","0.250","0.225","29.73M","-6.40%"
"05/17/2026","0.250","0.258","0.258","0.249","22.55M","-1.96%"
"05/14/2026","0.255","0.270","0.270","0.247","17.47M","-4.85%"
"05/13/2026","0.268","0.273","0.274","0.267","15.76M","-1.83%"
"05/12/2026","0.273","0.275","0.275","0.270","8.02M","-0.36%"
"05/11/2026","0.274","0.274","0.276","0.273","27.61M","0.37%"
"05/10/2026","0.273","0.270","0.274","0.270","26.77M","0.37%"
"05/07/2026","0.272","0.269","0.272","0.266","12.44M","1.49%"
"05/06/2026","0.268","0.270","0.272","0.266","13.13M","-0.74%"
"05/05/2026","0.270","0.269","0.274","0.269","21.89M","0.75%"
"05/04/2026","0.268","0.269","0.270","0.267","16.97M","0.00%"
"05/03/2026","0.268","0.275","0.276","0.268","31.59M","-1.83%"
"04/30/2026","0.273","0.269","0.274","0.268","27.52M","2.25%"
"04/29/2026","0.267","0.265","0.269","0.263","33.66M","0.75%"
"04/28/2026","0.265","0.264","0.267","0.263","43.44M","1.15%"
"04/27/2026","0.262","0.260","0.264","0.260","22.20M","1.16%"
"04/26/2026","0.259","0.262","0.262","0.259","21.21M","-1.15%"
"04/23/2026","0.262","0.266","0.266","0.262","15.41M","-1.50%"
"04/22/2026","0.266","0.271","0.271","0.265","16.54M","-1.85%"
"04/21/2026","0.271","0.273","0.273","0.271","10.96M","-0.73%"
"04/20/2026","0.273","0.277","0.277","0.273","10.34M","-1.09%"
"04/19/2026","0.276","0.275","0.277","0.275","16.03M","0.36%"
"04/16/2026","0.275","0.276","0.279","0.272","27.09M","0.36%"
"04/15/2026","0.274","0.275","0.275","0.273","14.56M","0.00%"
"04/14/2026","0.274","0.273","0.275","0.272","7.20M","0.74%"
"04/13/2026","0.272","0.270","0.273","0.269","11.93M","1.49%"
"04/12/2026","0.268","0.272","0.274","0.268","16.91M","-1.47%"
"04/09/2026","0.272","0.275","0.275","0.268","21.38M","-1.09%"
"04/08/2026","0.275","0.275","0.277","0.274","20.02M","0.73%"
"04/07/2026","0.273","0.275","0.277","0.270","21.67M","-1.09%"
"04/06/2026","0.276","0.274","0.278","0.273","18.95M","0.73%"
"04/05/2026","0.274","0.274","0.276","0.273","14.62M","0.37%"
"04/02/2026","0.273","0.272","0.275","0.271","15.21M","0.37%"
"04/01/2026","0.272","0.268","0.275","0.268","26.16M","1.49%"
"03/31/2026","0.268","0.267","0.269","0.264","37.33M","0.75%"
"03/30/2026","0.266","0.265","0.269","0.263","30.67M","0.76%"
"03/29/2026","0.264","0.262","0.264","0.260","13.99M","1.15%"
"03/26/2026","0.261","0.263","0.265","0.260","29.97M","-2.61%"
"03/25/2026","0.268","0.264","0.271","0.264","55.10M","2.29%"
"03/24/2026","0.262","0.253","0.262","0.252","68.66M","3.56%"
"03/18/2026","0.253","0.250","0.253","0.250","14.52M","0.80%"
"03/17/2026","0.251","0.252","0.254","0.250","17.35M","-0.40%"
"03/16/2026","0.252","0.254","0.255","0.250","18.88M","-1.18%"
"03/15/2026","0.255","0.254","0.255","0.250","42.18M","0.39%"
"03/12/2026","0.254","0.252","0.257","0.252","64.29M","0.40%"
"03/11/2026","0.253","0.255","0.257","0.247","39.24M","-0.39%"
"03/10/2026","0.254","0.254","0.256","0.252","24.75M","0.00%"
"03/09/2026","0.254","0.250","0.259","0.250","34.37M","2.42%"
"03/08/2026","0.248","0.238","0.249","0.238","61.84M","4.64%"
"03/05/2026","0.237","0.233","0.238","0.231","27.84M","1.72%"
"03/04/2026","0.233","0.234","0.235","0.228","15.72M","0.00%"
"03/03/2026","0.233","0.236","0.237","0.231","18.85M","-0.85%"
"03/02/2026","0.235","0.237","0.238","0.233","26.79M","-0.42%"
"03/01/2026","0.236","0.230","0.237","0.229","11.74M","-0.42%"
"02/26/2026","0.237","0.239","0.242","0.237","53.42M","-0.84%"
"02/25/2026","0.239","0.236","0.240","0.236","25.00M","1.27%"
"02/24/2026","0.236","0.225","0.237","0.225","35.91M","4.89%"
"02/23/2026","0.225","0.227","0.230","0.225","9.13M","-0.44%"
"02/22/2026","0.226","0.229","0.229","0.224","9.17M","-1.31%"
"02/19/2026","0.229","0.232","0.232","0.228","10.29M","-1.29%"
"02/18/2026","0.232","0.234","0.236","0.232","6.72M","-1.28%"
"02/17/2026","0.235","0.235","0.237","0.232","16.58M","0.00%"
"02/16/2026","0.235","0.232","0.236","0.231","9.95M","1.29%"
"02/15/2026","0.232","0.239","0.241","0.232","12.71M","-2.11%"
"02/12/2026","0.237","0.237","0.242","0.235","22.03M","0.00%"
"02/11/2026","0.237","0.231","0.237","0.231","15.10M","3.49%"
"02/10/2026","0.229","0.219","0.229","0.218","15.00M","5.05%"
"02/09/2026","0.218","0.214","0.220","0.214","22.08M","2.35%"
"02/08/2026","0.213","0.213","0.215","0.211","18.52M","0.00%"
"02/05/2026","0.213","0.210","0.213","0.209","19.97M","0.95%"
"02/04/2026","0.211","0.206","0.211","0.205","24.45M","1.44%"
"02/03/2026","0.208","0.204","0.208","0.204","14.62M","1.96%"
"02/02/2026","0.204","0.203","0.206","0.202","7.99M","0.49%"
"02/01/2026","0.203","0.206","0.206","0.203","11.03M","-1.46%"
"01/29/2026","0.206","0.207","0.209","0.206","13.58M","-0.48%"
"01/28/2026","0.207","0.205","0.207","0.204","10.93M","1.97%"
"01/27/2026","0.203","0.204","0.204","0.202","9.49M","0.00%"
"01/26/2026","0.203","0.202","0.203","0.201","9.61M","0.50%"
"01/25/2026","0.202","0.204","0.206","0.202","6.09M","-0.98%"
"01/22/2026","0.204","0.205","0.206","0.203","9.52M","0.49%"
"01/21/2026","0.203","0.206","0.206","0.203","7.94M","-1.46%"
"01/20/2026","0.206","0.205","0.208","0.205","6.75M","0.49%"
"01/19/2026","0.205","0.207","0.207","0.203","14.02M","-0.49%"
"01/14/2026","0.206","0.205","0.207","0.204","22.37M","0.98%"
"01/13/2026","0.204","0.206","0.206","0.203","9.47M","-0.49%"
"01/12/2026","0.205","0.206","0.206","0.204","8.35M","-0.49%"
"01/11/2026","0.206","0.202","0.206","0.200","26.32M","2.49%"
"01/08/2026","0.201","0.198","0.202","0.197","32.19M","1.01%"
"01/07/2026","0.199","0.199","0.200","0.197","14.07M","0.51%"
"01/06/2026","0.198","0.198","0.200","0.198","15.54M","0.00%"
"01/05/2026","0.198","0.196","0.199","0.195","27.83M","1.02%"
"01/04/2026","0.196","0.194","0.196","0.193","7.68M","1.03%"
"01/01/2026","0.194","0.195","0.195","0.192","5.39M","0.00%"
"12/31/2025","0.194","0.195","0.195","0.193","6.84M","-0.51%"
"12/30/2025","0.195","0.195","0.196","0.193","15.34M","0.00%"
"12/29/2025","0.195","0.196","0.197","0.193","9.95M","-0.51%"
"12/28/2025","0.196","0.196","0.198","0.195","9.15M","0.00%"
"12/25/2025","0.196","0.196","0.197","0.194","37.98M","0.00%"
"12/24/2025","0.196","0.194","0.198","0.194","16.00M","0.51%"
"12/23/2025","0.195","0.196","0.197","0.194","14.97M","-0.51%"
"12/22/2025","0.196","0.195","0.198","0.195","17.56M","0.00%"
"12/21/2025","0.196","0.195","0.197","0.194","12.60M","1.03%"
"12/18/2025","0.194","0.193","0.195","0.192","15.75M","0.52%"
"12/17/2025","0.193","0.193","0.195","0.192","14.59M","0.00%"
"12/16/2025","0.193","0.195","0.195","0.193","5.03M","-1.53%"
"12/15/2025","0.196","0.194","0.197","0.194","15.95M","1.55%"
"12/14/2025","0.193","0.193","0.195","0.193","10.93M","-0.52%"
"12/11/2025","0.194","0.194","0.195","0.193","9.99M","0.00%"
"12/10/2025","0.194","0.195","0.196","0.194","11.69M","-0.51%"
"12/09/2025","0.195","0.193","0.195","0.192","17.10M","1.04%"
"12/08/2025","0.193","0.196","0.196","0.192","12.95M","-1.53%"
"12/07/2025","0.196","0.197","0.197","0.195","20.35M","0.00%"
"12/04/2025","0.196","0.196","0.197","0.195","15.44M","0.00%"
"12/03/2025","0.196","0.191","0.197","0.191","27.57M","3.70%"
"12/02/2025","0.189","0.187","0.191","0.186","34.05M","1.07%"
"12/01/2025","0.187","0.185","0.188","0.184","9.00M","0.54%"
"11/30/2025","0.186","0.186","0.187","0.184","10.96M","1.09%"
"11/25/2025","0.184","0.183","0.186","0.183","10.21M","0.00%"
"11/24/2025","0.184","0.183","0.185","0.182","15.05M","0.55%"
"11/23/2025","0.183","0.184","0.185","0.182","7.49M","-1.08%"
"11/20/2025","0.185","0.184","0.187","0.184","12.82M","0.54%"
"11/19/2025","0.184","0.183","0.184","0.180","11.87M","0.00%"
"11/18/2025","0.184","0.182","0.184","0.180","9.35M","1.10%"
"11/17/2025","0.182","0.184","0.184","0.181","13.18M","-1.62%"
"11/16/2025","0.185","0.187","0.187","0.184","11.38M","-1.60%"
"11/13/2025","0.188","0.188","0.190","0.186","6.64M","0.53%"
"11/12/2025","0.187","0.185","0.190","0.185","13.54M","0.54%"
"11/11/2025","0.186","0.187","0.189","0.186","21.40M","0.00%"
"11/10/2025","0.186","0.186","0.190","0.186","16.97M","1.64%"
"11/09/2025","0.183","0.181","0.184","0.180","9.26M","0.55%"
"11/06/2025","0.182","0.182","0.183","0.181","17.37M","-0.55%"
"11/05/2025","0.183","0.184","0.184","0.181","18.29M","-1.08%"
"11/04/2025","0.185","0.188","0.190","0.184","23.32M","-2.63%"
"11/03/2025","0.190","0.185","0.190","0.185","20.81M","2.70%"
"11/02/2025","0.185","0.185","0.186","0.181","14.42M","0.54%"
"10/30/2025","0.184","0.184","0.187","0.182","28.69M","0.55%"
"10/29/2025","0.183","0.182","0.184","0.179","28.81M","1.10%"
"10/28/2025","0.181","0.176","0.181","0.175","31.45M","4.02%"
"10/27/2025","0.174","0.172","0.177","0.172","24.79M","1.75%"
"10/26/2025","0.171","0.170","0.172","0.170","32.40M","0.59%"
"10/23/2025","0.170","0.173","0.173","0.169","16.79M","-1.73%"
"10/22/2025","0.173","0.180","0.180","0.172","60.10M","-3.35%"
"10/21/2025","0.179","0.172","0.179","0.171","77.65M","4.68%"
"10/20/2025","0.171","0.168","0.171","0.166","69.90M","1.18%"
"10/19/2025","0.169","0.168","0.170","0.165","45.93M","0.60%"
"10/16/2025","0.168","0.165","0.168","0.164","24.67M","2.44%"
"10/15/2025","0.164","0.163","0.167","0.163","37.35M","0.61%"
"10/14/2025","0.163","0.161","0.164","0.161","28.18M","1.24%"
"10/13/2025","0.161","0.160","0.162","0.159","38.67M","0.00%"
"10/12/2025","0.161","0.160","0.161","0.159","22.06M","-3.01%"
"10/09/2025","0.166","0.164","0.167","0.163","25.78M","1.22%"
"10/08/2025","0.164","0.164","0.165","0.163","15.36M","-0.61%"
"10/07/2025","0.165","0.164","0.165","0.162","60.88M","0.61%"
"10/06/2025","0.164","0.164","0.165","0.163","30.01M","0.61%"
"10/05/2025","0.163","0.163","0.164","0.162","28.01M","0.00%"
"10/02/2025","0.163","0.162","0.164","0.161","57.64M","0.62%"
"10/01/2025","0.162","0.161","0.163","0.159","37.73M","1.25%"
"09/30/2025","0.160","0.161","0.161","0.159","13.79M","-0.62%"
"09/29/2025","0.161","0.160","0.161","0.159","23.08M","1.26%"
"09/28/2025","0.159","0.158","0.159","0.157","17.84M","0.63%"
"09/25/2025","0.158","0.158","0.158","0.156","16.84M","0.64%"
"09/24/2025","0.157","0.156","0.159","0.155","17.20M","0.64%"
"09/23/2025","0.156","0.160","0.160","0.156","28.59M","-2.50%"
"09/22/2025","0.160","0.161","0.161","0.157","17.65M","-0.62%"
"09/21/2025","0.161","0.163","0.163","0.160","16.25M","-0.62%"
"09/18/2025","0.162","0.162","0.163","0.160","21.95M","0.00%"
"09/17/2025","0.162","0.160","0.162","0.159","6.40M","1.89%"
"09/16/2025","0.159","0.161","0.161","0.158","3.56M","-0.63%"
"09/15/2025","0.160","0.160","0.161","0.158","3.44M","0.00%"
"09/14/2025","0.160","0.159","0.160","0.158","8.81M","1.27%"
"09/11/2025","0.158","0.159","0.159","0.157","3.47M","0.00%"
"09/10/2025","0.158","0.159","0.159","0.157","2.15M","0.64%"
"09/09/2025","0.157","0.158","0.159","0.157","4.72M","0.00%"
"09/08/2025","0.157","0.159","0.160","0.157","6.22M","-0.63%"
"09/04/2025","0.158","0.160","0.160","0.157","8.12M","-1.25%"
"09/03/2025","0.160","0.159","0.161","0.158","19.83M","0.63%"
"09/02/2025","0.159","0.162","0.163","0.159","10.28M","-1.85%"
"09/01/2025","0.162","0.161","0.164","0.160","15.59M","0.00%"
"08/31/2025","0.162","0.163","0.163","0.160","9.34M","-1.22%"
"08/28/2025","0.164","0.164","0.164","0.162","8.01M","0.00%"
"08/27/2025","0.164","0.162","0.167","0.162","33.27M","-0.61%"
"08/26/2025","0.165","0.161","0.166","0.159","13.61M","2.48%"
"08/25/2025","0.161","0.162","0.163","0.159","17.18M","-1.23%"
"08/24/2025","0.163","0.160","0.163","0.159","12.18M","1.88%"
"08/21/2025","0.160","0.160","0.161","0.157","20.99M","0.63%"
"08/20/2025","0.159","0.157","0.160","0.156","18.30M","0.63%"
"08/19/2025","0.158","0.157","0.158","0.155","23.85M","0.00%"
"08/18/2025","0.158","0.155","0.159","0.153","23.00M","1.94%"
"08/17/2025","0.155","0.154","0.155","0.152","9.91M","0.00%"
"08/14/2025","0.155","0.153","0.155","0.152","5.72M","0.65%"
"08/13/2025","0.154","0.154","0.154","0.152","11.66M","-0.65%"
"08/12/2025","0.155","0.155","0.156","0.153","12.36M","0.00%"
"08/11/2025","0.155","0.154","0.157","0.154","11.55M","0.00%"
"08/10/2025","0.155","0.154","0.156","0.153","11.25M","0.65%"
"08/07/2025","0.154","0.152","0.154","0.151","8.25M","1.99%"
"08/06/2025","0.151","0.151","0.153","0.150","18.72M","-0.66%"
"08/05/2025","0.152","0.152","0.153","0.151","15.23M","-0.65%"
"08/04/2025","0.153","0.151","0.154","0.150","39.15M","1.32%"
"08/03/2025","0.151","0.148","0.151","0.147","25.09M","0.67%"
"07/31/2025","0.150","0.148","0.150","0.147","22.42M","1.35%"
"07/30/2025","0.148","0.146","0.148","0.146","16.68M","0.68%"
"07/29/2025","0.147","0.147","0.151","0.145","25.24M","-0.68%"
"07/28/2025","0.148","0.145","0.149","0.144","11.95M","1.37%"
"07/27/2025","0.146","0.145","0.148","0.144","6.33M","0.69%"
"07/24/2025","0.145","0.147","0.148","0.145","6.48M","-1.36%"
"07/23/2025","0.147","0.149","0.149","0.147","16.90M","-1.34%"
"07/22/2025","0.149","0.148","0.150","0.147","6.39M","0.68%"
"07/21/2025","0.148","0.149","0.150","0.148","12.07M","-0.67%"
"07/20/2025","0.149","0.152","0.152","0.149","17.53M","-2.61%"
"07/17/2025","0.153","0.150","0.153","0.150","10.46M","2.68%"
"07/16/2025","0.149","0.150","0.150","0.149","11.26M","-1.97%"
"07/15/2025","0.152","0.151","0.152","0.150","4.16M","-0.65%"
"07/14/2025","0.153","0.153","0.153","0.150","4.15M","-0.65%"
"07/13/2025","0.154","0.150","0.155","0.148","9.49M","1.99%"
"07/10/2025","0.151","0.151","0.152","0.149","6.51M","-0.66%"
"07/09/2025","0.152","0.152","0.153","0.150","4.70M","1.33%"
"07/08/2025","0.150","0.153","0.153","0.150","12.02M","-3.23%"
"07/07/2025","0.155","0.154","0.155","0.151","7.59M","0.00%"
"07/06/2025","0.155","0.151","0.155","0.150","9.98M","2.65%"
"07/03/2025","0.151","0.153","0.153","0.150","8.96M","-1.31%"
"07/02/2025","0.153","0.152","0.154","0.151","5.16M","0.66%"
"07/01/2025","0.152","0.154","0.154","0.151","11.07M","0.00%"
"06/30/2025","0.152","0.153","0.154","0.151","9.50M","-1.30%"
"06/26/2025","0.154","0.155","0.156","0.153","7.67M","-0.65%"
"06/25/2025","0.155","0.155","0.156","0.152","12.60M","0.00%"
"06/24/2025","0.155","0.156","0.159","0.154","12.55M","-0.64%"
"06/23/2025","0.156","0.158","0.158","0.153","11.88M","-1.89%"
"06/22/2025","0.159","0.153","0.159","0.153","10.05M","2.58%"
"06/19/2025","0.155","0.156","0.156","0.153","6.46M","-1.27%"
"06/18/2025","0.157","0.156","0.158","0.155","27.07M","-0.63%"
"06/17/2025","0.158","0.156","0.158","0.154","10.21M","0.64%"
"06/16/2025","0.157","0.152","0.157","0.149","17.60M","2.61%"
"06/15/2025","0.153","0.153","0.153","0.148","6.52M","-1.92%"
"06/12/2025","0.156","0.158","0.158","0.154","12.47M","-2.50%"
"06/11/2025","0.160","0.156","0.160","0.155","18.91M","1.27%"
"06/10/2025","0.158","0.154","0.158","0.152","7.69M","1.94%"
"06/04/2025","0.155","0.153","0.156","0.153","7.07M","0.65%"
"06/03/2025","0.154","0.151","0.154","0.150","9.22M","1.32%"
"06/02/2025","0.152","0.148","0.152","0.147","11.26M","2.01%"
"06/01/2025","0.149","0.147","0.149","0.147","6.18M","0.68%"
"05/29/2025","0.148","0.146","0.148","0.146","16.02M","0.00%"
"05/28/2025","0.148","0.147","0.148","0.146","7.32M","0.68%"
"05/27/2025","0.147","0.143","0.147","0.143","9.16M","1.38%"
"05/26/2025","0.145","0.145","0.145","0.142","5.10M","0.00%"
"05/25/2025","0.145","0.144","0.145","0.141","3.93M","0.69%"
"05/22/2025","0.144","0.142","0.144","0.142","7.46M","1.41%"
"05/21/2025","0.142","0.138","0.142","0.138","8.13M","2.90%"
"05/20/2025","0.138","0.137","0.139","0.137","6.02M","-0.72%"
"05/19/2025","0.139","0.138","0.139","0.137","3.95M","0.00%"
"05/18/2025","0.139","0.138","0.139","0.136","2.79M","0.72%"
"05/15/2025","0.138","0.136","0.138","0.136","5.06M","1.47%"
"05/14/2025","0.136","0.133","0.137","0.133","6.93M","0.74%"
"05/13/2025","0.135","0.134","0.135","0.133","2.11M","0.00%"
"05/12/2025","0.135","0.134","0.135","0.132","4.22M","0.75%"
"05/11/2025","0.134","0.131","0.134","0.131","4.58M","1.52%"
"05/08/2025","0.132","0.131","0.133","0.130","7.13M","0.00%"
"05/07/2025","0.132","0.131","0.132","0.131","2.83M","0.00%"
"05/06/2025","0.132","0.131","0.132","0.131","2.07M","0.00%"
"05/05/2025","0.132","0.131","0.132","0.130","1.91M","0.00%"
"05/04/2025","0.132","0.131","0.132","0.130","1.38M","0.00%"
"05/01/2025","0.132","0.130","0.132","0.130","2.18M","0.76%"
"04/30/2025","0.131","0.129","0.131","0.129","1.99M","1.55%"
"04/29/2025","0.129","0.128","0.129","0.128","3.84M","0.00%"
"04/28/2025","0.129","0.128","0.129","0.128","1.35M","0.78%"
"04/27/2025","0.128","0.128","0.128","0.126","13.33M","0.00%"
"04/24/2025","0.128","0.128","0.128","0.127","1.63M","0.00%"
"04/23/2025","0.128","0.128","0.128","0.127","688.56K","0.00%"
"04/22/2025","0.128","0.128","0.128","0.127","1.61M","0.00%"
"04/21/2025","0.128","0.128","0.129","0.127","2.40M","0.00%"
"04/20/2025","0.128","0.129","0.129","0.128","972.74K","-0.78%"
"04/17/2025","0.129","0.130","0.130","0.128","2.66M","-0.77%"
"04/16/2025","0.130","0.130","0.130","0.129","3.26M","0.00%"
"04/15/2025","0.130","0.129","0.130","0.129","4.63M","0.00%"
"04/14/2025","0.130","0.129","0.130","0.128","1.40M","0.78%"
"04/13/2025","0.129","0.128","0.130","0.128","2.45M","0.78%"
"04/10/2025","0.128","0.128","0.129","0.127","9.32M","0.79%"
"04/09/2025","0.127","0.127","0.128","0.126","15.27M","-0.78%"
"04/08/2025","0.128","0.127","0.128","0.126","10.66M","1.59%"
"04/07/2025","0.126","0.126","0.129","0.125","3.84M","-1.56%"
"04/06/2025","0.128","0.127","0.129","0.126","4.76M","-3.76%"
"03/27/2025","0.133","0.129","0.133","0.129","4.14M","0.00%"
"03/26/2025","0.133","0.133","0.134","0.132","2.32M","0.00%"
"03/25/2025","0.133","0.133","0.133","0.132","1.96M","0.00%"
"03/24/2025","0.133","0.130","0.133","0.130","4.35M","2.31%"
"03/23/2025","0.130","0.130","0.131","0.130","1.32M","-0.76%"
"03/20/2025","0.131","0.130","0.133","0.130","4.15M","0.77%"
"03/19/2025","0.130","0.129","0.131","0.129","2.01M","0.78%"
"03/18/2025","0.129","0.130","0.130","0.129","2.41M","-0.77%"
"03/17/2025","0.130","0.129","0.130","0.128","1.54M","0.78%"
"03/16/2025","0.129","0.129","0.130","0.128","30.87M","0.00%"
"03/13/2025","0.129","0.128","0.130","0.128","1.07M","0.78%"
"03/12/2025","0.128","0.127","0.128","0.127","2.45M","0.00%"
"03/11/2025","0.128","0.128","0.130","0.127","1.04M","0.00%"
"03/10/2025","0.128","0.129","0.130","0.128","865.98K","-0.78%"
"03/09/2025","0.129","0.130","0.130","0.128","1.02M","-0.77%"
"03/06/2025","0.130","0.130","0.130","0.129","837.04K","0.78%"
"03/05/2025","0.129","0.130","0.130","0.129","390.17K","-0.77%"
"03/04/2025","0.130","0.129","0.130","0.129","1.64M","0.78%"
"03/03/2025","0.129","0.129","0.130","0.129","2.23M","-0.77%"
"03/02/2025","0.130","0.130","0.131","0.129","2.69M","0.00%"
"02/27/2025","0.130","0.130","0.131","0.130","427.29K","0.00%"
"02/26/2025","0.130","0.130","0.131","0.129","859.22K","0.78%"
"02/25/2025","0.129","0.130","0.131","0.129","844.97K","0.00%"
"02/24/2025","0.129","0.130","0.130","0.129","1.60M","-1.53%"
"02/23/2025","0.131","0.130","0.132","0.129","837.34K","0.77%"
"02/20/2025","0.130","0.131","0.133","0.130","2.16M","-0.76%"
"02/19/2025","0.131","0.131","0.132","0.130","874.21K","-0.76%"
"02/18/2025","0.132","0.131","0.132","0.130","839.93K","1.54%"
"02/17/2025","0.130","0.130","0.131","0.130","683.62K","0.00%"
"02/16/2025","0.130","0.129","0.130","0.128","1.01M","0.78%"
"02/13/2025","0.129","0.129","0.129","0.128","1.86M","0.00%"
"02/12/2025","0.129","0.129","0.131","0.129","4.45M","-0.77%"
"02/11/2025","0.130","0.132","0.133","0.129","3.06M","-1.52%"
"02/10/2025","0.132","0.133","0.133","0.132","1.50M","-0.75%"
"02/09/2025","0.133","0.133","0.135","0.133","821.98K","0.76%"
"02/06/2025","0.132","0.133","0.134","0.132","1.84M","-0.75%"
"02/05/2025","0.133","0.131","0.133","0.131","351.50K","0.76%"
"02/04/2025","0.132","0.130","0.133","0.130","682.33K","1.54%"
"02/03/2025","0.130","0.130","0.131","0.130","875.38K","0.00%"
"02/02/2025","0.130","0.132","0.132","0.130","1.03M","-1.52%"
"01/29/2025","0.132","0.131","0.134","0.131","1.68M","0.00%"
"01/28/2025","0.132","0.132","0.132","0.130","2.60M","0.00%"
"01/27/2025","0.132","0.131","0.133","0.131","1.96M","0.76%"
"01/26/2025","0.131","0.134","0.135","0.131","1.30M","-2.96%"
"01/23/2025","0.135","0.136","0.136","0.134","6.87M","-0.74%"
"01/22/2025","0.136","0.136","0.137","0.136","971.44K","0.00%"
"01/21/2025","0.136","0.135","0.137","0.135","1.72M","0.00%"
"01/20/2025","0.136","0.135","0.137","0.135","2.21M","0.74%"
"01/19/2025","0.135","0.135","0.136","0.135","871.24K","-0.74%"
"01/16/2025","0.136","0.135","0.136","0.135","1.04M","0.74%"
"01/15/2025","0.135","0.135","0.137","0.135","2.44M","0.00%"
"01/14/2025","0.135","0.135","0.137","0.135","802.36K","-0.74%"
"01/13/2025","0.136","0.135","0.137","0.135","1.57M","0.74%"
"01/09/2025","0.135","0.135","0.136","0.135","992.94K","-0.74%"
"01/08/2025","0.136","0.134","0.136","0.134","1.21M","0.74%"
"01/07/2025","0.135","0.133","0.135","0.133","2.39M","0.75%"
"01/06/2025","0.134","0.133","0.136","0.133","7.54M","0.75%"
"01/05/2025","0.133","0.134","0.134","0.133","1.28M","-0.75%"
"01/02/2025","0.134","0.136","0.136","0.134","1.10M","-1.47%"
"01/01/2025","0.136","0.136","0.137","0.136","497.63K","-1.45%"
"12/31/2024","0.138","0.138","0.139","0.136","3.46M","0.73%"
"12/30/2024","0.137","0.137","0.138","0.136","5.16M","0.00%"
"12/29/2024","0.137","0.134","0.137","0.134","1.98M","2.24%"
"12/26/2024","0.134","0.131","0.135","0.131","3.63M","2.29%"
"12/25/2024","0.131","0.131","0.132","0.131","1.14M","0.00%"
"12/24/2024","0.131","0.131","0.132","0.131","904.61K","0.00%"
"12/23/2024","0.131","0.131","0.132","0.130","1.44M","0.00%"
"12/22/2024","0.131","0.131","0.132","0.131","1.95M","0.00%"
"12/19/2024","0.131","0.130","0.132","0.130","874.30K","0.00%"
"12/18/2024","0.131","0.133","0.133","0.130","834.82K","-0.76%"
"12/17/2024","0.132","0.130","0.133","0.130","1.40M","1.54%"
"12/16/2024","0.130","0.130","0.130","0.130","906.50K","0.78%"
"12/15/2024","0.129","0.129","0.130","0.129","2.89M","0.00%"
"12/12/2024","0.129","0.129","0.130","0.128","3.44M","0.00%"
"12/11/2024","0.129","0.130","0.130","0.129","1.30M","-0.77%"
"12/10/2024","0.130","0.132","0.132","0.130","1.61M","-0.76%"
"12/09/2024","0.131","0.131","0.132","0.129","5.11M","0.00%"
"12/08/2024","0.131","0.133","0.134","0.131","1.19M","-1.50%"
"12/05/2024","0.133","0.133","0.134","0.133","3.33M","0.00%"
"12/04/2024","0.133","0.133","0.134","0.132","1.23M","0.00%"
"12/03/2024","0.133","0.133","0.134","0.133","886.67K","0.00%"
"12/02/2024","0.133","0.134","0.134","0.133","953.62K","-0.75%"
"12/01/2024","0.134","0.133","0.135","0.132","2.53M","0.75%"
"11/28/2024","0.133","0.131","0.135","0.131","6.24M","1.53%"
"11/27/2024","0.131","0.131","0.132","0.130","2.48M","0.00%"
"11/26/2024","0.131","0.129","0.133","0.129","5.53M","2.34%"
"11/25/2024","0.128","0.130","0.131","0.128","7.98M","-1.54%"
"11/24/2024","0.130","0.133","0.133","0.130","2.49M","-2.99%"
"11/19/2024","0.134","0.134","0.135","0.133","1.63M","-0.74%"
"11/18/2024","0.135","0.134","0.135","0.134","968.43K","0.00%"
"11/17/2024","0.135","0.135","0.136","0.134","2.00M","0.00%"
"11/14/2024","0.135","0.136","0.137","0.135","1.46M","-0.74%"
"11/13/2024","0.136","0.136","0.137","0.135","4.36M","-0.73%"
"11/12/2024","0.137","0.137","0.137","0.136","1.43M","0.00%"
"11/11/2024","0.137","0.137","0.138","0.137","1.22M","0.00%"
"11/10/2024","0.137","0.136","0.138","0.136","1.35M","0.74%"
"11/07/2024","0.136","0.136","0.138","0.136","742.20K","0.00%"
"11/06/2024","0.136","0.137","0.137","0.136","797.02K","-0.73%"
"11/05/2024","0.137","0.138","0.138","0.136","820.38K","-0.72%"
"11/04/2024","0.138","0.139","0.139","0.138","804.03K","0.00%"
"11/03/2024","0.138","0.137","0.140","0.137","1.40M","0.73%"
"10/31/2024","0.137","0.137","0.138","0.136","2.27M","0.00%"
"10/30/2024","0.137","0.139","0.139","0.135","5.11M","0.00%"
"10/29/2024","0.137","0.138","0.139","0.137","4.91M","-0.72%"
"10/28/2024","0.138","0.141","0.142","0.138","3.46M","-1.43%"
"10/27/2024","0.140","0.141","0.142","0.140","1.38M","-0.71%"
"10/24/2024","0.141","0.141","0.142","0.140","8.07M","0.00%"
"10/23/2024","0.141","0.142","0.142","0.141","2.58M","-0.70%"
"10/22/2024","0.142","0.142","0.142","0.141","3.71M","0.00%"
"10/21/2024","0.142","0.142","0.144","0.142","3.91M","-2.74%"
"10/20/2024","0.146","0.146","0.147","0.145","1.90M","0.00%"
"10/17/2024","0.146","0.146","0.147","0.146","3.27M","0.00%"
"10/16/2024","0.146","0.145","0.146","0.145","1.09M","0.00%"
"10/15/2024","0.146","0.146","0.147","0.146","3.34M","0.00%"
"10/14/2024","0.146","0.146","0.147","0.146","1.56M","0.00%"
"10/13/2024","0.146","0.146","0.147","0.145","803.16K","0.00%"
"10/10/2024","0.146","0.146","0.146","0.144","3.67M","0.00%"
"10/09/2024","0.146","0.144","0.146","0.144","2.19M","2.10%"
"10/08/2024","0.143","0.144","0.144","0.142","1.84M","0.00%"
"10/07/2024","0.143","0.143","0.144","0.142","3.09M","-0.69%"
"10/06/2024","0.144","0.143","0.144","0.143","2.11M","0.00%"
"10/03/2024","0.144","0.144","0.145","0.143","1.66M","0.00%"
"10/02/2024","0.144","0.144","0.145","0.143","1.60M","0.00%"
"10/01/2024","0.144","0.144","0.145","0.143","2.18M","-0.69%"
"09/30/2024","0.145","0.144","0.145","0.143","3.17M","1.40%"
"09/29/2024","0.143","0.144","0.145","0.143","1.30M","-0.69%"
"09/26/2024","0.144","0.144","0.145","0.142","7.56M","0.00%"
"09/25/2024","0.144","0.144","0.144","0.143","7.29M","0.00%"
"09/24/2024","0.144","0.144","0.145","0.143","5.95M","0.00%"
"09/23/2024","0.144","0.144","0.145","0.144","3.45M","0.00%"
"09/22/2024","0.144","0.144","0.146","0.143","4.03M","0.00%"
"09/19/2024","0.144","0.143","0.145","0.143","7.81M","0.70%"
"09/18/2024","0.143","0.143","0.144","0.142","1.57M","0.70%"
"09/17/2024","0.142","0.143","0.144","0.142","1.44M","-0.70%"
"09/16/2024","0.143","0.145","0.145","0.142","2.14M","-1.38%"
"09/12/2024","0.145","0.142","0.147","0.141","5.74M","2.11%"
"09/11/2024","0.142","0.143","0.144","0.142","3.98M","-0.70%"
"09/10/2024","0.143","0.144","0.144","0.143","1.86M","0.00%"
"09/09/2024","0.143","0.147","0.147","0.143","7.86M","-2.72%"
"09/08/2024","0.147","0.148","0.148","0.147","929.56K","0.00%"
"09/05/2024","0.147","0.148","0.150","0.147","4.18M","-0.68%"
"09/04/2024","0.148","0.148","0.149","0.148","4.38M","0.00%"
"09/03/2024","0.148","0.148","0.149","0.147","3.50M","0.68%"
"09/02/2024","0.147","0.147","0.149","0.146","7.56M","0.68%"
"09/01/2024","0.146","0.147","0.148","0.146","4.95M","-0.68%"
"08/29/2024","0.147","0.144","0.148","0.144","4.17M","1.38%"
"08/28/2024","0.145","0.145","0.147","0.145","7.18M","0.69%"
"08/27/2024","0.144","0.144","0.145","0.144","1.07M","0.00%"
"08/26/2024","0.144","0.142","0.146","0.141","2.94M","1.41%"
"08/25/2024","0.142","0.141","0.143","0.141","1.43M","0.00%"
"08/22/2024","0.142","0.140","0.143","0.140","2.48M","1.43%"
"08/21/2024","0.140","0.140","0.141","0.140","1.66M","0.00%"
"08/20/2024","0.140","0.140","0.141","0.140","1.92M","0.00%"
"08/19/2024","0.140","0.140","0.141","0.139","3.91M","0.00%"
"08/18/2024","0.140","0.141","0.141","0.140","789.80K","-1.41%"
"08/15/2024","0.142","0.141","0.142","0.140","1.16M","0.71%"
"08/14/2024","0.141","0.141","0.142","0.140","1.18M","0.00%"
"08/13/2024","0.141","0.142","0.142","0.141","779.34K","-1.40%"
"08/12/2024","0.143","0.141","0.143","0.140","765.23K","1.42%"
"08/11/2024","0.141","0.140","0.142","0.140","2.21M","0.00%"
"08/08/2024","0.141","0.141","0.142","0.140","2.54M","0.00%"
"08/07/2024","0.141","0.141","0.142","0.141","787.28K","0.00%"
"08/06/2024","0.141","0.140","0.142","0.140","1.78M","0.71%"
"08/05/2024","0.140","0.141","0.142","0.140","7.79M","-0.71%"
"08/04/2024","0.141","0.142","0.142","0.141","505.76K","-1.40%"
"08/01/2024","0.143","0.141","0.143","0.141","4.82M","1.42%"
"07/31/2024","0.141","0.141","0.142","0.141","783.24K","0.00%"
"07/30/2024","0.141","0.141","0.142","0.141","871.59K","0.00%"
"07/29/2024","0.141","0.140","0.142","0.140","1.79M","0.71%"
"07/28/2024","0.140","0.141","0.141","0.140","1.02M","-0.71%"
"07/25/2024","0.141","0.140","0.142","0.140","703.68K","0.00%"
"07/24/2024","0.141","0.140","0.141","0.140","1.20M","0.71%"
"07/23/2024","0.140","0.139","0.140","0.139","2.56M","0.72%"
"07/22/2024","0.139","0.140","0.141","0.139","3.93M","-1.42%"
"07/21/2024","0.141","0.140","0.141","0.140","857.12K","0.00%"
"07/18/2024","0.141","0.141","0.141","0.140","811.83K","0.00%"
"07/17/2024","0.141","0.140","0.142","0.140","954.70K","0.71%"
"07/16/2024","0.140","0.141","0.142","0.140","3.75M","-1.41%"
"07/15/2024","0.142","0.141","0.142","0.141","830.95K","0.71%"
"07/14/2024","0.141","0.141","0.142","0.141","791.64K","0.00%"
"07/11/2024","0.141","0.140","0.142","0.140","852.36K","0.00%"
"07/10/2024","0.141","0.141","0.141","0.140","986.79K","0.00%"
"07/09/2024","0.141","0.141","0.142","0.140","2.47M","-0.70%"
"07/08/2024","0.142","0.141","0.142","0.141","1.46M","0.71%"
"07/04/2024","0.141","0.141","0.142","0.141","1.86M","0.00%"
"07/03/2024","0.141","0.141","0.142","0.141","2.38M","0.00%"
"07/02/2024","0.141","0.141","0.142","0.141","1.53M","-0.70%"
"07/01/2024","0.142","0.141","0.142","0.141","3.51M","0.71%"
"06/30/2024","0.141","0.141","0.142","0.141","1.62M","0.00%"
"06/27/2024","0.141","0.141","0.143","0.141","2.62M","0.00%"
"06/26/2024","0.141","0.141","0.142","0.141","848.23K","0.00%"
"06/25/2024","0.141","0.142","0.142","0.141","990.46K","0.00%"
"06/24/2024","0.141","0.142","0.142","0.141","1.94M","0.00%"
"06/23/2024","0.141","0.142","0.142","0.141","837.72K","-0.70%"
"06/13/2024","0.142","0.142","0.143","0.142","834.56K","0.00%"
"06/12/2024","0.142","0.141","0.143","0.141","1.57M","0.71%"
"06/11/2024","0.141","0.141","0.142","0.141","968.36K","-0.70%"
"06/10/2024","0.142","0.141","0.142","0.140","2.14M","0.71%"
"06/09/2024","0.141","0.142","0.142","0.141","885.99K","-0.70%"
"06/06/2024","0.142","0.142","0.143","0.140","3.28M","0.00%"
"06/05/2024","0.142","0.141","0.142","0.141","965.53K","0.71%"
"06/04/2024","0.141","0.142","0.143","0.141","980.16K","-0.70%"
"06/03/2024","0.142","0.142","0.143","0.141","927.49K","-0.70%"
"06/02/2024","0.143","0.142","0.143","0.142","815.86K","0.00%"
"05/30/2024","0.143","0.141","0.143","0.141","2.41M","1.42%"
"05/29/2024","0.141","0.141","0.142","0.141","4.51M","0.00%"
"05/28/2024","0.141","0.141","0.142","0.140","2.26M","0.00%"
"05/27/2024","0.141","0.142","0.142","0.141","1.51M","-0.70%"
"05/26/2024","0.142","0.142","0.143","0.141","955.33K","0.00%"
"05/23/2024","0.142","0.142","0.142","0.141","1.34M","0.00%"
"05/22/2024","0.142","0.142","0.143","0.142","2.66M","-1.39%"
"05/21/2024","0.144","0.143","0.144","0.142","766.11K","0.00%"
"05/20/2024","0.144","0.142","0.144","0.142","761.67K","1.41%"
"05/19/2024","0.142","0.143","0.144","0.142","2.47M","-0.70%"
"05/16/2024","0.143","0.141","0.143","0.141","2.08M","1.42%"
"05/15/2024","0.141","0.141","0.142","0.141","766.25K","0.00%"
"05/14/2024","0.141","0.142","0.142","0.141","15.36M","0.00%"
"05/13/2024","0.141","0.142","0.143","0.141","911.87K","-0.70%"
"05/12/2024","0.142","0.142","0.143","0.142","913.70K","0.00%"
"05/09/2024","0.142","0.142","0.143","0.142","2.13M","0.00%"
"05/08/2024","0.142","0.142","0.144","0.142","1.01M","0.00%"
"05/07/2024","0.142","0.142","0.143","0.141","957.17K","0.00%"
"05/06/2024","0.142","0.143","0.144","0.142","2.42M","-1.39%"
"05/05/2024","0.144","0.144","0.144","0.143","807.30K","0.70%"
"05/02/2024","0.143","0.143","0.145","0.142","1.11M","-0.69%"
"05/01/2024","0.144","0.143","0.144","0.142","761.58K","0.70%"
"04/30/2024","0.143","0.143","0.144","0.143","955.21K","0.00%"
"04/29/2024","0.143","0.144","0.145","0.142","4.37M","-0.69%"
"04/28/2024","0.144","0.145","0.145","0.144","830.50K","-0.69%"
"04/25/2024","0.145","0.145","0.147","0.144","6.03M","-0.68%"
"04/24/2024","0.146","0.145","0.146","0.144","765.22K","1.39%"
"04/23/2024","0.144","0.145","0.146","0.144","2.11M","0.00%"
"04/22/2024","0.144","0.144","0.145","0.143","1.53M","-0.69%"
"04/21/2024","0.145","0.145","0.146","0.144","2.04M","0.00%"
"04/18/2024","0.145","0.146","0.147","0.145","1.87M","-1.36%"
"04/17/2024","0.147","0.146","0.147","0.146","859.18K","0.68%"
"04/16/2024","0.146","0.145","0.147","0.145","1.94M","0.00%"
"04/15/2024","0.146","0.145","0.146","0.144","1.78M","1.39%"
"04/14/2024","0.144","0.144","0.145","0.143","3.34M","-0.69%"
"04/08/2024","0.145","0.145","0.145","0.144","887.79K","0.00%"
"04/07/2024","0.145","0.145","0.146","0.144","1.22M","0.69%"
"04/04/2024","0.144","0.145","0.146","0.144","918.00K","-0.69%"
"04/03/2024","0.145","0.144","0.145","0.144","1.67M","-0.68%"
"04/02/2024","0.146","0.143","0.158","0.143","10.08M","1.39%"
"04/01/2024","0.144","0.143","0.144","0.143","2.24M","0.00%"
"03/31/2024","0.144","0.143","0.144","0.143","1.40M","0.70%"
"03/28/2024","0.143","0.144","0.144","0.143","1.90M","0.00%"
"03/27/2024","0.143","0.144","0.144","0.142","1.93M","0.00%"
"03/26/2024","0.143","0.145","0.145","0.143","2.48M","-1.38%"
"03/25/2024","0.145","0.144","0.145","0.144","2.86M","0.69%"
"03/24/2024","0.144","0.144","0.145","0.143","1.32M","-0.69%"
"03/21/2024","0.145","0.144","0.145","0.143","2.00M","0.69%"
"03/20/2024","0.144","0.144","0.145","0.143","2.49M","0.00%"
"03/19/2024","0.144","0.145","0.146","0.143","3.46M","-0.69%"
"03/18/2024","0.145","0.145","0.147","0.145","1.75M","-0.68%"
"03/17/2024","0.146","0.147","0.147","0.145","5.32M","-0.68%"
"03/14/2024","0.147","0.147","0.148","0.146","1.93M","0.68%"
"03/13/2024","0.146","0.147","0.148","0.146","3.01M","-0.68%"
"03/12/2024","0.147","0.147","0.148","0.147","871.01K","0.00%"
"03/11/2024","0.147","0.147","0.149","0.147","3.64M","0.00%"
"03/10/2024","0.147","0.148","0.149","0.147","1.03M","-1.34%"
"03/07/2024","0.149","0.148","0.149","0.148","1.47M","0.00%"
"03/06/2024","0.149","0.148","0.149","0.148","1.81M","0.68%"
"03/05/2024","0.148","0.148","0.149","0.147","1.07M","0.68%"
"03/04/2024","0.147","0.148","0.149","0.147","1.58M","-0.68%"
"03/03/2024","0.148","0.147","0.149","0.147","994.47K","0.00%"
"02/29/2024","0.148","0.146","0.148","0.145","6.57M","1.37%"
"02/28/2024","0.146","0.145","0.147","0.145","810.29K","0.69%"
"02/27/2024","0.145","0.145","0.146","0.145","885.72K","0.00%"
"02/26/2024","0.145","0.145","0.146","0.144","3.10M","0.00%"
"02/25/2024","0.145","0.144","0.146","0.144","3.80M","0.69%"
"02/22/2024","0.144","0.145","0.145","0.144","2.25M","-0.69%"
"02/21/2024","0.145","0.144","0.147","0.144","4.75M","0.69%"
"02/20/2024","0.144","0.145","0.146","0.144","1.86M","-0.69%"
"02/19/2024","0.145","0.146","0.147","0.145","3.37M","-0.68%"
"02/18/2024","0.146","0.144","0.147","0.144","696.16K","0.69%"
"02/15/2024","0.145","0.145","0.145","0.144","10.50M","0.00%"
"02/14/2024","0.145","0.147","0.147","0.144","4.18M","-1.36%"
"02/13/2024","0.147","0.147","0.147","0.145","1.73M","0.00%"
"02/11/2024","0.147","0.148","0.148","0.147","582.46K","-0.68%"
"02/07/2024","0.148","0.149","0.149","0.147","3.06M","-0.67%"
"02/06/2024","0.149","0.149","0.149","0.148","852.38K","0.00%"
"02/05/2024","0.149","0.149","0.149","0.148","2.75M","0.00%"
"02/04/2024","0.149","0.149","0.150","0.149","1.02M","0.00%"
"02/01/2024","0.149","0.149","0.150","0.149","6.87M","0.00%"
"01/31/2024","0.149","0.149","0.150","0.149","8.99M","0.68%"
"01/30/2024","0.148","0.150","0.150","0.148","9.36M","-1.33%"
"01/29/2024","0.150","0.149","0.150","0.149","1.90M","0.00%"
"01/28/2024","0.150","0.150","0.150","0.149","4.30M","0.00%"
"01/25/2024","0.150","0.149","0.150","0.149","13.10M","0.67%"
"01/24/2024","0.149","0.149","0.150","0.149","6.27M","0.00%"
"01/23/2024","0.149","0.149","0.150","0.148","5.36M","0.00%"
"01/22/2024","0.149","0.148","0.149","0.148","2.39M","0.68%"
"01/21/2024","0.148","0.148","0.149","0.148","611.30K","-0.67%"
"01/18/2024","0.149","0.149","0.149","0.148","951.49K","0.68%"
"01/17/2024","0.148","0.148","0.149","0.148","5.20M","0.00%"
"01/16/2024","0.148","0.148","0.149","0.148","2.07M","0.00%"
"01/15/2024","0.148","0.149","0.150","0.148","3.27M","0.00%"
"01/14/2024","0.148","0.148","0.149","0.148","1.22M","-0.67%"
"01/10/2024","0.149","0.149","0.150","0.148","3.38M","0.68%"
"01/09/2024","0.148","0.147","0.149","0.147","1.97M","0.68%"
"01/08/2024","0.147","0.149","0.149","0.146","9.62M","-5.16%"
"01/07/2024","0.155","0.155","0.156","0.155","7.67M","0.00%"
"01/04/2024","0.155","0.155","0.156","0.155","10.90M","0.00%"
"01/03/2024","0.155","0.155","0.155","0.154","4.33M","0.00%"
"01/02/2024","0.155","0.154","0.156","0.154","3.97M","0.65%"
"01/01/2024","0.154","0.154","0.155","0.154","10.44M","0.65%"
"12/31/2023","0.153","0.154","0.155","0.153","1.82M","-1.29%"
"12/28/2023","0.155","0.152","0.155","0.152","7.16M","1.97%"
"12/27/2023","0.152","0.154","0.154","0.152","3.45M","-1.30%"
"12/26/2023","0.154","0.155","0.156","0.154","1.36M","-0.65%"
"12/25/2023","0.155","0.155","0.156","0.155","1.51M","0.00%"
"12/24/2023","0.155","0.155","0.156","0.155","2.86M","0.00%"
"12/21/2023","0.155","0.155","0.156","0.155","7.66M","0.00%"
"12/20/2023","0.155","0.154","0.155","0.154","10.93M","0.65%"
"12/19/2023","0.154","0.153","0.154","0.153","10.95M","0.00%"
"12/14/2023","0.154","0.153","0.154","0.153","24.22M","0.65%"
"12/13/2023","0.153","0.153","0.154","0.152","3.36M","0.00%"
"12/12/2023","0.153","0.154","0.154","0.152","2.63M","0.00%"
"12/11/2023","0.153","0.153","0.153","0.152","3.88M","0.00%"
"12/10/2023","0.153","0.152","0.153","0.152","1.66M","0.66%"
"12/07/2023","0.152","0.153","0.154","0.152","1.98M","-0.65%"
"12/06/2023","0.153","0.153","0.155","0.153","2.61M","0.00%"
"12/05/2023","0.153","0.153","0.154","0.152","3.23M","0.00%"
"12/04/2023","0.153","0.153","0.154","0.152","2.44M","0.00%"
"12/03/2023","0.153","0.152","0.153","0.151","1.70M","0.00%"
"11/30/2023","0.153","0.153","0.153","0.151","2.73M","0.00%"
"11/29/2023","0.153","0.153","0.155","0.153","3.15M","0.00%"
"11/28/2023","0.153","0.152","0.155","0.152","5.90M","0.66%"
"11/27/2023","0.152","0.152","0.152","0.151","5.35M","0.66%"
"11/26/2023","0.151","0.150","0.152","0.150","4.56M","0.67%"
"11/21/2023","0.150","0.150","0.151","0.150","2.03M","0.00%"
"11/20/2023","0.150","0.149","0.151","0.149","6.46M","0.67%"
"11/19/2023","0.149","0.150","0.150","0.149","1.53M","-0.67%"
"11/16/2023","0.150","0.149","0.150","0.149","10.09M","0.67%"
"11/15/2023","0.149","0.149","0.150","0.148","9.28M","0.68%"
"11/14/2023","0.148","0.149","0.150","0.148","4.54M","-0.67%"
"11/13/2023","0.149","0.150","0.150","0.149","6.23M","0.00%"
"11/12/2023","0.149","0.149","0.149","0.148","7.64M","0.00%"
"11/09/2023","0.149","0.148","0.149","0.148","4.63M","-0.67%"
"11/08/2023","0.150","0.149","0.150","0.148","2.39M","0.67%"
"11/07/2023","0.149","0.149","0.150","0.148","9.88M","0.00%"
"11/06/2023","0.149","0.149","0.150","0.149","6.28M","0.00%"
"11/05/2023","0.149","0.147","0.150","0.146","9.63M","0.68%"
"11/02/2023","0.148","0.149","0.149","0.148","14.86M","-0.67%"
"11/01/2023","0.149","0.150","0.150","0.149","22.03M","-0.67%"
"10/31/2023","0.150","0.150","0.151","0.150","25.47M","0.00%"
"10/30/2023","0.150","0.151","0.152","0.150","55.44M","-0.66%"
"10/29/2023","0.151","0.151","0.152","0.151","14.48M","0.67%"
"10/26/2023","0.150","0.150","0.152","0.150","25.26M","0.00%"
"10/25/2023","0.150","0.150","0.159","0.150","42.86M","0.00%"